model,type,profitability_index
c1,pc,0.528
c11,pc,0.792
c13,pc,1.1314285714285715
c15,pc,1.377391304347826
c17,pc,1.32
c19,pc,1.5644444444444445
c3,pc,0.66
c5,pc,0.88
c7,pc,1.056
c9,pc,0.5657142857142857
x13,laptop,0.528
x15,laptop,0.66
x17,laptop,0.704
x19,laptop,0.8448
x21,laptop,0.66
x23,laptop,0.88
x25,laptop,0.99
x27,laptop,1.2184615384615385
x29,laptop,1.111578947368421
x31,laptop,1.456551724137931
